method_id,method_label,training_seed,true_label,predicted_label,count,row_fraction
baseline_d2nn,基准 D²NN,42,0,0,939,0.9581632653061225
baseline_d2nn,基准 D²NN,42,0,1,0,0.0
baseline_d2nn,基准 D²NN,42,0,2,2,0.0020408163265306124
baseline_d2nn,基准 D²NN,42,0,3,7,0.007142857142857143
baseline_d2nn,基准 D²NN,42,0,4,1,0.0010204081632653062
baseline_d2nn,基准 D²NN,42,0,5,5,0.00510204081632653
baseline_d2nn,基准 D²NN,42,0,6,17,0.017346938775510204
baseline_d2nn,基准 D²NN,42,0,7,2,0.0020408163265306124
baseline_d2nn,基准 D²NN,42,0,8,7,0.007142857142857143
baseline_d2nn,基准 D²NN,42,0,9,0,0.0
baseline_d2nn,基准 D²NN,42,1,0,0,0.0
baseline_d2nn,基准 D²NN,42,1,1,1117,0.9841409691629956
baseline_d2nn,基准 D²NN,42,1,2,4,0.003524229074889868
baseline_d2nn,基准 D²NN,42,1,3,1,0.000881057268722467
baseline_d2nn,基准 D²NN,42,1,4,1,0.000881057268722467
baseline_d2nn,基准 D²NN,42,1,5,0,0.0
baseline_d2nn,基准 D²NN,42,1,6,4,0.003524229074889868
baseline_d2nn,基准 D²NN,42,1,7,1,0.000881057268722467
baseline_d2nn,基准 D²NN,42,1,8,7,0.006167400881057269
baseline_d2nn,基准 D²NN,42,1,9,0,0.0
baseline_d2nn,基准 D²NN,42,2,0,13,0.012596899224806201
baseline_d2nn,基准 D²NN,42,2,1,2,0.001937984496124031
baseline_d2nn,基准 D²NN,42,2,2,906,0.877906976744186
baseline_d2nn,基准 D²NN,42,2,3,24,0.023255813953488372
baseline_d2nn,基准 D²NN,42,2,4,15,0.014534883720930232
baseline_d2nn,基准 D²NN,42,2,5,2,0.001937984496124031
baseline_d2nn,基准 D²NN,42,2,6,10,0.009689922480620155
baseline_d2nn,基准 D²NN,42,2,7,20,0.01937984496124031
baseline_d2nn,基准 D²NN,42,2,8,36,0.03488372093023256
baseline_d2nn,基准 D²NN,42,2,9,4,0.003875968992248062
baseline_d2nn,基准 D²NN,42,3,0,4,0.0039603960396039604
baseline_d2nn,基准 D²NN,42,3,1,3,0.0029702970297029703
baseline_d2nn,基准 D²NN,42,3,2,29,0.028712871287128714
baseline_d2nn,基准 D²NN,42,3,3,895,0.8861386138613861
baseline_d2nn,基准 D²NN,42,3,4,1,0.0009900990099009901
baseline_d2nn,基准 D²NN,42,3,5,14,0.013861386138613862
baseline_d2nn,基准 D²NN,42,3,6,4,0.0039603960396039604
baseline_d2nn,基准 D²NN,42,3,7,38,0.03762376237623762
baseline_d2nn,基准 D²NN,42,3,8,12,0.011881188118811881
baseline_d2nn,基准 D²NN,42,3,9,10,0.009900990099009901
baseline_d2nn,基准 D²NN,42,4,0,2,0.002036659877800407
baseline_d2nn,基准 D²NN,42,4,1,1,0.0010183299389002036
baseline_d2nn,基准 D²NN,42,4,2,12,0.012219959266802444
baseline_d2nn,基准 D²NN,42,4,3,2,0.002036659877800407
baseline_d2nn,基准 D²NN,42,4,4,871,0.8869653767820774
baseline_d2nn,基准 D²NN,42,4,5,0,0.0
baseline_d2nn,基准 D²NN,42,4,6,13,0.013238289205702648
baseline_d2nn,基准 D²NN,42,4,7,1,0.0010183299389002036
baseline_d2nn,基准 D²NN,42,4,8,7,0.007128309572301426
baseline_d2nn,基准 D²NN,42,4,9,73,0.07433808553971487
baseline_d2nn,基准 D²NN,42,5,0,10,0.011210762331838564
baseline_d2nn,基准 D²NN,42,5,1,0,0.0
baseline_d2nn,基准 D²NN,42,5,2,9,0.010089686098654708
baseline_d2nn,基准 D²NN,42,5,3,61,0.06838565022421525
baseline_d2nn,基准 D²NN,42,5,4,5,0.005605381165919282
baseline_d2nn,基准 D²NN,42,5,5,742,0.8318385650224215
baseline_d2nn,基准 D²NN,42,5,6,26,0.02914798206278027
baseline_d2nn,基准 D²NN,42,5,7,17,0.01905829596412556
baseline_d2nn,基准 D²NN,42,5,8,18,0.020179372197309416
baseline_d2nn,基准 D²NN,42,5,9,4,0.004484304932735426
baseline_d2nn,基准 D²NN,42,6,0,9,0.009394572025052192
baseline_d2nn,基准 D²NN,42,6,1,3,0.003131524008350731
baseline_d2nn,基准 D²NN,42,6,2,6,0.006263048016701462
baseline_d2nn,基准 D²NN,42,6,3,3,0.003131524008350731
baseline_d2nn,基准 D²NN,42,6,4,11,0.011482254697286013
baseline_d2nn,基准 D²NN,42,6,5,24,0.025052192066805846
baseline_d2nn,基准 D²NN,42,6,6,899,0.9384133611691023
baseline_d2nn,基准 D²NN,42,6,7,0,0.0
baseline_d2nn,基准 D²NN,42,6,8,3,0.003131524008350731
baseline_d2nn,基准 D²NN,42,6,9,0,0.0
baseline_d2nn,基准 D²NN,42,7,0,4,0.0038910505836575876
baseline_d2nn,基准 D²NN,42,7,1,16,0.01556420233463035
baseline_d2nn,基准 D²NN,42,7,2,28,0.027237354085603113
baseline_d2nn,基准 D²NN,42,7,3,8,0.007782101167315175
baseline_d2nn,基准 D²NN,42,7,4,9,0.008754863813229572
baseline_d2nn,基准 D²NN,42,7,5,0,0.0
baseline_d2nn,基准 D²NN,42,7,6,3,0.0029182879377431907
baseline_d2nn,基准 D²NN,42,7,7,910,0.8852140077821011
baseline_d2nn,基准 D²NN,42,7,8,1,0.0009727626459143969
baseline_d2nn,基准 D²NN,42,7,9,49,0.047665369649805445
baseline_d2nn,基准 D²NN,42,8,0,12,0.012320328542094456
baseline_d2nn,基准 D²NN,42,8,1,10,0.01026694045174538
baseline_d2nn,基准 D²NN,42,8,2,17,0.017453798767967144
baseline_d2nn,基准 D²NN,42,8,3,43,0.044147843942505136
baseline_d2nn,基准 D²NN,42,8,4,20,0.02053388090349076
baseline_d2nn,基准 D²NN,42,8,5,32,0.03285420944558522
baseline_d2nn,基准 D²NN,42,8,6,17,0.017453798767967144
baseline_d2nn,基准 D²NN,42,8,7,24,0.024640657084188913
baseline_d2nn,基准 D²NN,42,8,8,775,0.795687885010267
baseline_d2nn,基准 D²NN,42,8,9,24,0.024640657084188913
baseline_d2nn,基准 D²NN,42,9,0,14,0.013875123885034688
baseline_d2nn,基准 D²NN,42,9,1,10,0.009910802775024777
baseline_d2nn,基准 D²NN,42,9,2,6,0.005946481665014866
baseline_d2nn,基准 D²NN,42,9,3,18,0.017839444995044598
baseline_d2nn,基准 D²NN,42,9,4,40,0.03964321110009911
baseline_d2nn,基准 D²NN,42,9,5,7,0.006937561942517344
baseline_d2nn,基准 D²NN,42,9,6,1,0.0009910802775024777
baseline_d2nn,基准 D²NN,42,9,7,36,0.035678889990089196
baseline_d2nn,基准 D²NN,42,9,8,5,0.004955401387512388
baseline_d2nn,基准 D²NN,42,9,9,872,0.8642220019821606
baseline_d2nn,基准 D²NN,43,0,0,951,0.9704081632653061
baseline_d2nn,基准 D²NN,43,0,1,0,0.0
baseline_d2nn,基准 D²NN,43,0,2,1,0.0010204081632653062
baseline_d2nn,基准 D²NN,43,0,3,3,0.003061224489795918
baseline_d2nn,基准 D²NN,43,0,4,2,0.0020408163265306124
baseline_d2nn,基准 D²NN,43,0,5,3,0.003061224489795918
baseline_d2nn,基准 D²NN,43,0,6,13,0.013265306122448979
baseline_d2nn,基准 D²NN,43,0,7,1,0.0010204081632653062
baseline_d2nn,基准 D²NN,43,0,8,6,0.006122448979591836
baseline_d2nn,基准 D²NN,43,0,9,0,0.0
baseline_d2nn,基准 D²NN,43,1,0,0,0.0
baseline_d2nn,基准 D²NN,43,1,1,1115,0.9823788546255506
baseline_d2nn,基准 D²NN,43,1,2,4,0.003524229074889868
baseline_d2nn,基准 D²NN,43,1,3,1,0.000881057268722467
baseline_d2nn,基准 D²NN,43,1,4,2,0.001762114537444934
baseline_d2nn,基准 D²NN,43,1,5,0,0.0
baseline_d2nn,基准 D²NN,43,1,6,5,0.004405286343612335
baseline_d2nn,基准 D²NN,43,1,7,0,0.0
baseline_d2nn,基准 D²NN,43,1,8,8,0.007048458149779736
baseline_d2nn,基准 D²NN,43,1,9,0,0.0
baseline_d2nn,基准 D²NN,43,2,0,15,0.014534883720930232
baseline_d2nn,基准 D²NN,43,2,1,4,0.003875968992248062
baseline_d2nn,基准 D²NN,43,2,2,903,0.875
baseline_d2nn,基准 D²NN,43,2,3,22,0.02131782945736434
baseline_d2nn,基准 D²NN,43,2,4,12,0.011627906976744186
baseline_d2nn,基准 D²NN,43,2,5,3,0.0029069767441860465
baseline_d2nn,基准 D²NN,43,2,6,10,0.009689922480620155
baseline_d2nn,基准 D²NN,43,2,7,21,0.020348837209302327
baseline_d2nn,基准 D²NN,43,2,8,40,0.03875968992248062
baseline_d2nn,基准 D²NN,43,2,9,2,0.001937984496124031
baseline_d2nn,基准 D²NN,43,3,0,8,0.007920792079207921
baseline_d2nn,基准 D²NN,43,3,1,3,0.0029702970297029703
baseline_d2nn,基准 D²NN,43,3,2,22,0.02178217821782178
baseline_d2nn,基准 D²NN,43,3,3,893,0.8841584158415842
baseline_d2nn,基准 D²NN,43,3,4,4,0.0039603960396039604
baseline_d2nn,基准 D²NN,43,3,5,18,0.01782178217821782
baseline_d2nn,基准 D²NN,43,3,6,5,0.0049504950495049506
baseline_d2nn,基准 D²NN,43,3,7,35,0.034653465346534656
baseline_d2nn,基准 D²NN,43,3,8,14,0.013861386138613862
baseline_d2nn,基准 D²NN,43,3,9,8,0.007920792079207921
baseline_d2nn,基准 D²NN,43,4,0,2,0.002036659877800407
baseline_d2nn,基准 D²NN,43,4,1,1,0.0010183299389002036
baseline_d2nn,基准 D²NN,43,4,2,15,0.015274949083503055
baseline_d2nn,基准 D²NN,43,4,3,2,0.002036659877800407
baseline_d2nn,基准 D²NN,43,4,4,881,0.8971486761710794
baseline_d2nn,基准 D²NN,43,4,5,1,0.0010183299389002036
baseline_d2nn,基准 D²NN,43,4,6,17,0.017311608961303463
baseline_d2nn,基准 D²NN,43,4,7,1,0.0010183299389002036
baseline_d2nn,基准 D²NN,43,4,8,8,0.008146639511201629
baseline_d2nn,基准 D²NN,43,4,9,54,0.054989816700611
baseline_d2nn,基准 D²NN,43,5,0,13,0.014573991031390135
baseline_d2nn,基准 D²NN,43,5,1,0,0.0
baseline_d2nn,基准 D²NN,43,5,2,8,0.008968609865470852
baseline_d2nn,基准 D²NN,43,5,3,57,0.06390134529147982
baseline_d2nn,基准 D²NN,43,5,4,10,0.011210762331838564
baseline_d2nn,基准 D²NN,43,5,5,741,0.8307174887892377
baseline_d2nn,基准 D²NN,43,5,6,24,0.026905829596412557
baseline_d2nn,基准 D²NN,43,5,7,14,0.01569506726457399
baseline_d2nn,基准 D²NN,43,5,8,21,0.023542600896860985
baseline_d2nn,基准 D²NN,43,5,9,4,0.004484304932735426
baseline_d2nn,基准 D²NN,43,6,0,13,0.013569937369519834
baseline_d2nn,基准 D²NN,43,6,1,4,0.0041753653444676405
baseline_d2nn,基准 D²NN,43,6,2,5,0.005219206680584551
baseline_d2nn,基准 D²NN,43,6,3,2,0.0020876826722338203
baseline_d2nn,基准 D²NN,43,6,4,9,0.009394572025052192
baseline_d2nn,基准 D²NN,43,6,5,25,0.026096033402922755
baseline_d2nn,基准 D²NN,43,6,6,899,0.9384133611691023
baseline_d2nn,基准 D²NN,43,6,7,0,0.0
baseline_d2nn,基准 D²NN,43,6,8,1,0.0010438413361169101
baseline_d2nn,基准 D²NN,43,6,9,0,0.0
baseline_d2nn,基准 D²NN,43,7,0,4,0.0038910505836575876
baseline_d2nn,基准 D²NN,43,7,1,19,0.01848249027237354
baseline_d2nn,基准 D²NN,43,7,2,22,0.021400778210116732
baseline_d2nn,基准 D²NN,43,7,3,8,0.007782101167315175
baseline_d2nn,基准 D²NN,43,7,4,12,0.011673151750972763
baseline_d2nn,基准 D²NN,43,7,5,0,0.0
baseline_d2nn,基准 D²NN,43,7,6,3,0.0029182879377431907
baseline_d2nn,基准 D²NN,43,7,7,920,0.8949416342412452
baseline_d2nn,基准 D²NN,43,7,8,1,0.0009727626459143969
baseline_d2nn,基准 D²NN,43,7,9,39,0.037937743190661476
baseline_d2nn,基准 D²NN,43,8,0,19,0.019507186858316223
baseline_d2nn,基准 D²NN,43,8,1,11,0.011293634496919919
baseline_d2nn,基准 D²NN,43,8,2,10,0.01026694045174538
baseline_d2nn,基准 D²NN,43,8,3,30,0.030800821355236138
baseline_d2nn,基准 D²NN,43,8,4,18,0.018480492813141684
baseline_d2nn,基准 D²NN,43,8,5,32,0.03285420944558522
baseline_d2nn,基准 D²NN,43,8,6,18,0.018480492813141684
baseline_d2nn,基准 D²NN,43,8,7,22,0.022587268993839837
baseline_d2nn,基准 D²NN,43,8,8,804,0.8254620123203286
baseline_d2nn,基准 D²NN,43,8,9,10,0.01026694045174538
baseline_d2nn,基准 D²NN,43,9,0,18,0.017839444995044598
baseline_d2nn,基准 D²NN,43,9,1,10,0.009910802775024777
baseline_d2nn,基准 D²NN,43,9,2,3,0.002973240832507433
baseline_d2nn,基准 D²NN,43,9,3,17,0.01684836471754212
baseline_d2nn,基准 D²NN,43,9,4,42,0.04162537165510406
baseline_d2nn,基准 D²NN,43,9,5,5,0.004955401387512388
baseline_d2nn,基准 D²NN,43,9,6,1,0.0009910802775024777
baseline_d2nn,基准 D²NN,43,9,7,36,0.035678889990089196
baseline_d2nn,基准 D²NN,43,9,8,7,0.006937561942517344
baseline_d2nn,基准 D²NN,43,9,9,870,0.8622398414271556
baseline_d2nn,基准 D²NN,44,0,0,957,0.976530612244898
baseline_d2nn,基准 D²NN,44,0,1,0,0.0
baseline_d2nn,基准 D²NN,44,0,2,1,0.0010204081632653062
baseline_d2nn,基准 D²NN,44,0,3,3,0.003061224489795918
baseline_d2nn,基准 D²NN,44,0,4,2,0.0020408163265306124
baseline_d2nn,基准 D²NN,44,0,5,3,0.003061224489795918
baseline_d2nn,基准 D²NN,44,0,6,9,0.009183673469387756
baseline_d2nn,基准 D²NN,44,0,7,1,0.0010204081632653062
baseline_d2nn,基准 D²NN,44,0,8,4,0.004081632653061225
baseline_d2nn,基准 D²NN,44,0,9,0,0.0
baseline_d2nn,基准 D²NN,44,1,0,0,0.0
baseline_d2nn,基准 D²NN,44,1,1,1116,0.9832599118942731
baseline_d2nn,基准 D²NN,44,1,2,7,0.006167400881057269
baseline_d2nn,基准 D²NN,44,1,3,0,0.0
baseline_d2nn,基准 D²NN,44,1,4,1,0.000881057268722467
baseline_d2nn,基准 D²NN,44,1,5,0,0.0
baseline_d2nn,基准 D²NN,44,1,6,3,0.0026431718061674008
baseline_d2nn,基准 D²NN,44,1,7,0,0.0
baseline_d2nn,基准 D²NN,44,1,8,8,0.007048458149779736
baseline_d2nn,基准 D²NN,44,1,9,0,0.0
baseline_d2nn,基准 D²NN,44,2,0,16,0.015503875968992248
baseline_d2nn,基准 D²NN,44,2,1,5,0.0048449612403100775
baseline_d2nn,基准 D²NN,44,2,2,930,0.9011627906976745
baseline_d2nn,基准 D²NN,44,2,3,16,0.015503875968992248
baseline_d2nn,基准 D²NN,44,2,4,11,0.01065891472868217
baseline_d2nn,基准 D²NN,44,2,5,2,0.001937984496124031
baseline_d2nn,基准 D²NN,44,2,6,7,0.006782945736434108
baseline_d2nn,基准 D²NN,44,2,7,14,0.013565891472868217
baseline_d2nn,基准 D²NN,44,2,8,28,0.027131782945736434
baseline_d2nn,基准 D²NN,44,2,9,3,0.0029069767441860465
baseline_d2nn,基准 D²NN,44,3,0,10,0.009900990099009901
baseline_d2nn,基准 D²NN,44,3,1,5,0.0049504950495049506
baseline_d2nn,基准 D²NN,44,3,2,32,0.031683168316831684
baseline_d2nn,基准 D²NN,44,3,3,880,0.8712871287128713
baseline_d2nn,基准 D²NN,44,3,4,4,0.0039603960396039604
baseline_d2nn,基准 D²NN,44,3,5,24,0.023762376237623763
baseline_d2nn,基准 D²NN,44,3,6,4,0.0039603960396039604
baseline_d2nn,基准 D²NN,44,3,7,31,0.030693069306930693
baseline_d2nn,基准 D²NN,44,3,8,11,0.01089108910891089
baseline_d2nn,基准 D²NN,44,3,9,9,0.00891089108910891
baseline_d2nn,基准 D²NN,44,4,0,1,0.0010183299389002036
baseline_d2nn,基准 D²NN,44,4,1,2,0.002036659877800407
baseline_d2nn,基准 D²NN,44,4,2,9,0.009164969450101833
baseline_d2nn,基准 D²NN,44,4,3,4,0.004073319755600814
baseline_d2nn,基准 D²NN,44,4,4,889,0.905295315682281
baseline_d2nn,基准 D²NN,44,4,5,0,0.0
baseline_d2nn,基准 D²NN,44,4,6,11,0.01120162932790224
baseline_d2nn,基准 D²NN,44,4,7,1,0.0010183299389002036
baseline_d2nn,基准 D²NN,44,4,8,8,0.008146639511201629
baseline_d2nn,基准 D²NN,44,4,9,57,0.05804480651731161
baseline_d2nn,基准 D²NN,44,5,0,12,0.013452914798206279
baseline_d2nn,基准 D²NN,44,5,1,0,0.0
baseline_d2nn,基准 D²NN,44,5,2,7,0.007847533632286996
baseline_d2nn,基准 D²NN,44,5,3,39,0.043721973094170405
baseline_d2nn,基准 D²NN,44,5,4,8,0.008968609865470852
baseline_d2nn,基准 D²NN,44,5,5,779,0.8733183856502242
baseline_d2nn,基准 D²NN,44,5,6,17,0.01905829596412556
baseline_d2nn,基准 D²NN,44,5,7,8,0.008968609865470852
baseline_d2nn,基准 D²NN,44,5,8,14,0.01569506726457399
baseline_d2nn,基准 D²NN,44,5,9,8,0.008968609865470852
baseline_d2nn,基准 D²NN,44,6,0,20,0.020876826722338204
baseline_d2nn,基准 D²NN,44,6,1,6,0.006263048016701462
baseline_d2nn,基准 D²NN,44,6,2,9,0.009394572025052192
baseline_d2nn,基准 D²NN,44,6,3,2,0.0020876826722338203
baseline_d2nn,基准 D²NN,44,6,4,13,0.013569937369519834
baseline_d2nn,基准 D²NN,44,6,5,27,0.028183716075156576
baseline_d2nn,基准 D²NN,44,6,6,877,0.9154488517745303
baseline_d2nn,基准 D²NN,44,6,7,1,0.0010438413361169101
baseline_d2nn,基准 D²NN,44,6,8,3,0.003131524008350731
baseline_d2nn,基准 D²NN,44,6,9,0,0.0
baseline_d2nn,基准 D²NN,44,7,0,5,0.0048638132295719845
baseline_d2nn,基准 D²NN,44,7,1,17,0.016536964980544747
baseline_d2nn,基准 D²NN,44,7,2,23,0.02237354085603113
baseline_d2nn,基准 D²NN,44,7,3,6,0.005836575875486381
baseline_d2nn,基准 D²NN,44,7,4,15,0.014591439688715954
baseline_d2nn,基准 D²NN,44,7,5,2,0.0019455252918287938
baseline_d2nn,基准 D²NN,44,7,6,5,0.0048638132295719845
baseline_d2nn,基准 D²NN,44,7,7,898,0.8735408560311284
baseline_d2nn,基准 D²NN,44,7,8,2,0.0019455252918287938
baseline_d2nn,基准 D²NN,44,7,9,55,0.053501945525291826
baseline_d2nn,基准 D²NN,44,8,0,22,0.022587268993839837
baseline_d2nn,基准 D²NN,44,8,1,15,0.015400410677618069
baseline_d2nn,基准 D²NN,44,8,2,20,0.02053388090349076
baseline_d2nn,基准 D²NN,44,8,3,29,0.029774127310061602
baseline_d2nn,基准 D²NN,44,8,4,24,0.024640657084188913
baseline_d2nn,基准 D²NN,44,8,5,38,0.039014373716632446
baseline_d2nn,基准 D²NN,44,8,6,12,0.012320328542094456
baseline_d2nn,基准 D²NN,44,8,7,21,0.021560574948665298
baseline_d2nn,基准 D²NN,44,8,8,776,0.7967145790554415
baseline_d2nn,基准 D²NN,44,8,9,17,0.017453798767967144
baseline_d2nn,基准 D²NN,44,9,0,20,0.019821605550049554
baseline_d2nn,基准 D²NN,44,9,1,10,0.009910802775024777
baseline_d2nn,基准 D²NN,44,9,2,3,0.002973240832507433
baseline_d2nn,基准 D²NN,44,9,3,12,0.011892963330029732
baseline_d2nn,基准 D²NN,44,9,4,42,0.04162537165510406
baseline_d2nn,基准 D²NN,44,9,5,10,0.009910802775024777
baseline_d2nn,基准 D²NN,44,9,6,1,0.0009910802775024777
baseline_d2nn,基准 D²NN,44,9,7,21,0.02081268582755203
baseline_d2nn,基准 D²NN,44,9,8,4,0.003964321110009911
baseline_d2nn,基准 D²NN,44,9,9,886,0.8780971258671952
robust_d2nn,鲁棒 D²NN,42,0,0,956,0.9755102040816327
robust_d2nn,鲁棒 D²NN,42,0,1,2,0.0020408163265306124
robust_d2nn,鲁棒 D²NN,42,0,2,1,0.0010204081632653062
robust_d2nn,鲁棒 D²NN,42,0,3,0,0.0
robust_d2nn,鲁棒 D²NN,42,0,4,0,0.0
robust_d2nn,鲁棒 D²NN,42,0,5,5,0.00510204081632653
robust_d2nn,鲁棒 D²NN,42,0,6,11,0.011224489795918367
robust_d2nn,鲁棒 D²NN,42,0,7,1,0.0010204081632653062
robust_d2nn,鲁棒 D²NN,42,0,8,3,0.003061224489795918
robust_d2nn,鲁棒 D²NN,42,0,9,1,0.0010204081632653062
robust_d2nn,鲁棒 D²NN,42,1,0,0,0.0
robust_d2nn,鲁棒 D²NN,42,1,1,1115,0.9823788546255506
robust_d2nn,鲁棒 D²NN,42,1,2,3,0.0026431718061674008
robust_d2nn,鲁棒 D²NN,42,1,3,1,0.000881057268722467
robust_d2nn,鲁棒 D²NN,42,1,4,3,0.0026431718061674008
robust_d2nn,鲁棒 D²NN,42,1,5,1,0.000881057268722467
robust_d2nn,鲁棒 D²NN,42,1,6,3,0.0026431718061674008
robust_d2nn,鲁棒 D²NN,42,1,7,1,0.000881057268722467
robust_d2nn,鲁棒 D²NN,42,1,8,8,0.007048458149779736
robust_d2nn,鲁棒 D²NN,42,1,9,0,0.0
robust_d2nn,鲁棒 D²NN,42,2,0,18,0.01744186046511628
robust_d2nn,鲁棒 D²NN,42,2,1,12,0.011627906976744186
robust_d2nn,鲁棒 D²NN,42,2,2,866,0.8391472868217055
robust_d2nn,鲁棒 D²NN,42,2,3,26,0.025193798449612403
robust_d2nn,鲁棒 D²NN,42,2,4,14,0.013565891472868217
robust_d2nn,鲁棒 D²NN,42,2,5,2,0.001937984496124031
robust_d2nn,鲁棒 D²NN,42,2,6,17,0.016472868217054265
robust_d2nn,鲁棒 D²NN,42,2,7,25,0.02422480620155039
robust_d2nn,鲁棒 D²NN,42,2,8,44,0.04263565891472868
robust_d2nn,鲁棒 D²NN,42,2,9,8,0.007751937984496124
robust_d2nn,鲁棒 D²NN,42,3,0,10,0.009900990099009901
robust_d2nn,鲁棒 D²NN,42,3,1,9,0.00891089108910891
robust_d2nn,鲁棒 D²NN,42,3,2,26,0.02574257425742574
robust_d2nn,鲁棒 D²NN,42,3,3,861,0.8524752475247525
robust_d2nn,鲁棒 D²NN,42,3,4,0,0.0
robust_d2nn,鲁棒 D²NN,42,3,5,37,0.03663366336633663
robust_d2nn,鲁棒 D²NN,42,3,6,7,0.006930693069306931
robust_d2nn,鲁棒 D²NN,42,3,7,39,0.03861386138613861
robust_d2nn,鲁棒 D²NN,42,3,8,11,0.01089108910891089
robust_d2nn,鲁棒 D²NN,42,3,9,10,0.009900990099009901
robust_d2nn,鲁棒 D²NN,42,4,0,2,0.002036659877800407
robust_d2nn,鲁棒 D²NN,42,4,1,7,0.007128309572301426
robust_d2nn,鲁棒 D²NN,42,4,2,9,0.009164969450101833
robust_d2nn,鲁棒 D²NN,42,4,3,3,0.003054989816700611
robust_d2nn,鲁棒 D²NN,42,4,4,819,0.8340122199592668
robust_d2nn,鲁棒 D²NN,42,4,5,0,0.0
robust_d2nn,鲁棒 D²NN,42,4,6,18,0.018329938900203666
robust_d2nn,鲁棒 D²NN,42,4,7,1,0.0010183299389002036
robust_d2nn,鲁棒 D²NN,42,4,8,7,0.007128309572301426
robust_d2nn,鲁棒 D²NN,42,4,9,116,0.11812627291242363
robust_d2nn,鲁棒 D²NN,42,5,0,11,0.01233183856502242
robust_d2nn,鲁棒 D²NN,42,5,1,1,0.0011210762331838565
robust_d2nn,鲁棒 D²NN,42,5,2,5,0.005605381165919282
robust_d2nn,鲁棒 D²NN,42,5,3,38,0.042600896860986545
robust_d2nn,鲁棒 D²NN,42,5,4,6,0.006726457399103139
robust_d2nn,鲁棒 D²NN,42,5,5,788,0.8834080717488789
robust_d2nn,鲁棒 D²NN,42,5,6,14,0.01569506726457399
robust_d2nn,鲁棒 D²NN,42,5,7,10,0.011210762331838564
robust_d2nn,鲁棒 D²NN,42,5,8,13,0.014573991031390135
robust_d2nn,鲁棒 D²NN,42,5,9,6,0.006726457399103139
robust_d2nn,鲁棒 D²NN,42,6,0,22,0.022964509394572025
robust_d2nn,鲁棒 D²NN,42,6,1,4,0.0041753653444676405
robust_d2nn,鲁棒 D²NN,42,6,2,9,0.009394572025052192
robust_d2nn,鲁棒 D²NN,42,6,3,1,0.0010438413361169101
robust_d2nn,鲁棒 D²NN,42,6,4,13,0.013569937369519834
robust_d2nn,鲁棒 D²NN,42,6,5,35,0.03653444676409186
robust_d2nn,鲁棒 D²NN,42,6,6,871,0.9091858037578288
robust_d2nn,鲁棒 D²NN,42,6,7,0,0.0
robust_d2nn,鲁棒 D²NN,42,6,8,3,0.003131524008350731
robust_d2nn,鲁棒 D²NN,42,6,9,0,0.0
robust_d2nn,鲁棒 D²NN,42,7,0,4,0.0038910505836575876
robust_d2nn,鲁棒 D²NN,42,7,1,26,0.02529182879377432
robust_d2nn,鲁棒 D²NN,42,7,2,29,0.02821011673151751
robust_d2nn,鲁棒 D²NN,42,7,3,5,0.0048638132295719845
robust_d2nn,鲁棒 D²NN,42,7,4,9,0.008754863813229572
robust_d2nn,鲁棒 D²NN,42,7,5,0,0.0
robust_d2nn,鲁棒 D²NN,42,7,6,0,0.0
robust_d2nn,鲁棒 D²NN,42,7,7,902,0.877431906614786
robust_d2nn,鲁棒 D²NN,42,7,8,2,0.0019455252918287938
robust_d2nn,鲁棒 D²NN,42,7,9,51,0.04961089494163424
robust_d2nn,鲁棒 D²NN,42,8,0,18,0.018480492813141684
robust_d2nn,鲁棒 D²NN,42,8,1,19,0.019507186858316223
robust_d2nn,鲁棒 D²NN,42,8,2,12,0.012320328542094456
robust_d2nn,鲁棒 D²NN,42,8,3,28,0.028747433264887063
robust_d2nn,鲁棒 D²NN,42,8,4,10,0.01026694045174538
robust_d2nn,鲁棒 D²NN,42,8,5,52,0.053388090349075976
robust_d2nn,鲁棒 D²NN,42,8,6,17,0.017453798767967144
robust_d2nn,鲁棒 D²NN,42,8,7,25,0.02566735112936345
robust_d2nn,鲁棒 D²NN,42,8,8,761,0.7813141683778234
robust_d2nn,鲁棒 D²NN,42,8,9,32,0.03285420944558522
robust_d2nn,鲁棒 D²NN,42,9,0,17,0.01684836471754212
robust_d2nn,鲁棒 D²NN,42,9,1,12,0.011892963330029732
robust_d2nn,鲁棒 D²NN,42,9,2,7,0.006937561942517344
robust_d2nn,鲁棒 D²NN,42,9,3,15,0.014866204162537165
robust_d2nn,鲁棒 D²NN,42,9,4,32,0.031714568880079286
robust_d2nn,鲁棒 D²NN,42,9,5,12,0.011892963330029732
robust_d2nn,鲁棒 D²NN,42,9,6,1,0.0009910802775024777
robust_d2nn,鲁棒 D²NN,42,9,7,31,0.030723488602576808
robust_d2nn,鲁棒 D²NN,42,9,8,8,0.007928642220019821
robust_d2nn,鲁棒 D²NN,42,9,9,874,0.8662041625371655
robust_d2nn,鲁棒 D²NN,43,0,0,955,0.9744897959183674
robust_d2nn,鲁棒 D²NN,43,0,1,1,0.0010204081632653062
robust_d2nn,鲁棒 D²NN,43,0,2,1,0.0010204081632653062
robust_d2nn,鲁棒 D²NN,43,0,3,1,0.0010204081632653062
robust_d2nn,鲁棒 D²NN,43,0,4,0,0.0
robust_d2nn,鲁棒 D²NN,43,0,5,3,0.003061224489795918
robust_d2nn,鲁棒 D²NN,43,0,6,13,0.013265306122448979
robust_d2nn,鲁棒 D²NN,43,0,7,1,0.0010204081632653062
robust_d2nn,鲁棒 D²NN,43,0,8,5,0.00510204081632653
robust_d2nn,鲁棒 D²NN,43,0,9,0,0.0
robust_d2nn,鲁棒 D²NN,43,1,0,0,0.0
robust_d2nn,鲁棒 D²NN,43,1,1,1118,0.9850220264317181
robust_d2nn,鲁棒 D²NN,43,1,2,2,0.001762114537444934
robust_d2nn,鲁棒 D²NN,43,1,3,1,0.000881057268722467
robust_d2nn,鲁棒 D²NN,43,1,4,1,0.000881057268722467
robust_d2nn,鲁棒 D²NN,43,1,5,0,0.0
robust_d2nn,鲁棒 D²NN,43,1,6,3,0.0026431718061674008
robust_d2nn,鲁棒 D²NN,43,1,7,2,0.001762114537444934
robust_d2nn,鲁棒 D²NN,43,1,8,8,0.007048458149779736
robust_d2nn,鲁棒 D²NN,43,1,9,0,0.0
robust_d2nn,鲁棒 D²NN,43,2,0,18,0.01744186046511628
robust_d2nn,鲁棒 D²NN,43,2,1,15,0.014534883720930232
robust_d2nn,鲁棒 D²NN,43,2,2,834,0.8081395348837209
robust_d2nn,鲁棒 D²NN,43,2,3,22,0.02131782945736434
robust_d2nn,鲁棒 D²NN,43,2,4,22,0.02131782945736434
robust_d2nn,鲁棒 D²NN,43,2,5,2,0.001937984496124031
robust_d2nn,鲁棒 D²NN,43,2,6,21,0.020348837209302327
robust_d2nn,鲁棒 D²NN,43,2,7,33,0.03197674418604651
robust_d2nn,鲁棒 D²NN,43,2,8,58,0.0562015503875969
robust_d2nn,鲁棒 D²NN,43,2,9,7,0.006782945736434108
robust_d2nn,鲁棒 D²NN,43,3,0,8,0.007920792079207921
robust_d2nn,鲁棒 D²NN,43,3,1,8,0.007920792079207921
robust_d2nn,鲁棒 D²NN,43,3,2,21,0.020792079207920793
robust_d2nn,鲁棒 D²NN,43,3,3,865,0.8564356435643564
robust_d2nn,鲁棒 D²NN,43,3,4,1,0.0009900990099009901
robust_d2nn,鲁棒 D²NN,43,3,5,27,0.026732673267326732
robust_d2nn,鲁棒 D²NN,43,3,6,10,0.009900990099009901
robust_d2nn,鲁棒 D²NN,43,3,7,36,0.03564356435643564
robust_d2nn,鲁棒 D²NN,43,3,8,18,0.01782178217821782
robust_d2nn,鲁棒 D²NN,43,3,9,16,0.015841584158415842
robust_d2nn,鲁棒 D²NN,43,4,0,2,0.002036659877800407
robust_d2nn,鲁棒 D²NN,43,4,1,4,0.004073319755600814
robust_d2nn,鲁棒 D²NN,43,4,2,7,0.007128309572301426
robust_d2nn,鲁棒 D²NN,43,4,3,2,0.002036659877800407
robust_d2nn,鲁棒 D²NN,43,4,4,878,0.8940936863543788
robust_d2nn,鲁棒 D²NN,43,4,5,0,0.0
robust_d2nn,鲁棒 D²NN,43,4,6,20,0.020366598778004074
robust_d2nn,鲁棒 D²NN,43,4,7,1,0.0010183299389002036
robust_d2nn,鲁棒 D²NN,43,4,8,5,0.0050916496945010185
robust_d2nn,鲁棒 D²NN,43,4,9,63,0.06415478615071284
robust_d2nn,鲁棒 D²NN,43,5,0,13,0.014573991031390135
robust_d2nn,鲁棒 D²NN,43,5,1,2,0.002242152466367713
robust_d2nn,鲁棒 D²NN,43,5,2,3,0.0033632286995515697
robust_d2nn,鲁棒 D²NN,43,5,3,48,0.053811659192825115
robust_d2nn,鲁棒 D²NN,43,5,4,10,0.011210762331838564
robust_d2nn,鲁棒 D²NN,43,5,5,768,0.8609865470852018
robust_d2nn,鲁棒 D²NN,43,5,6,18,0.020179372197309416
robust_d2nn,鲁棒 D²NN,43,5,7,11,0.01233183856502242
robust_d2nn,鲁棒 D²NN,43,5,8,12,0.013452914798206279
robust_d2nn,鲁棒 D²NN,43,5,9,7,0.007847533632286996
robust_d2nn,鲁棒 D²NN,43,6,0,16,0.016701461377870562
robust_d2nn,鲁棒 D²NN,43,6,1,7,0.007306889352818371
robust_d2nn,鲁棒 D²NN,43,6,2,5,0.005219206680584551
robust_d2nn,鲁棒 D²NN,43,6,3,1,0.0010438413361169101
robust_d2nn,鲁棒 D²NN,43,6,4,11,0.011482254697286013
robust_d2nn,鲁棒 D²NN,43,6,5,26,0.027139874739039668
robust_d2nn,鲁棒 D²NN,43,6,6,889,0.9279749478079332
robust_d2nn,鲁棒 D²NN,43,6,7,0,0.0
robust_d2nn,鲁棒 D²NN,43,6,8,3,0.003131524008350731
robust_d2nn,鲁棒 D²NN,43,6,9,0,0.0
robust_d2nn,鲁棒 D²NN,43,7,0,8,0.007782101167315175
robust_d2nn,鲁棒 D²NN,43,7,1,21,0.020428015564202335
robust_d2nn,鲁棒 D²NN,43,7,2,19,0.01848249027237354
robust_d2nn,鲁棒 D²NN,43,7,3,2,0.0019455252918287938
robust_d2nn,鲁棒 D²NN,43,7,4,15,0.014591439688715954
robust_d2nn,鲁棒 D²NN,43,7,5,0,0.0
robust_d2nn,鲁棒 D²NN,43,7,6,4,0.0038910505836575876
robust_d2nn,鲁棒 D²NN,43,7,7,912,0.8871595330739299
robust_d2nn,鲁棒 D²NN,43,7,8,1,0.0009727626459143969
robust_d2nn,鲁棒 D²NN,43,7,9,46,0.04474708171206226
robust_d2nn,鲁棒 D²NN,43,8,0,14,0.014373716632443531
robust_d2nn,鲁棒 D²NN,43,8,1,26,0.026694045174537988
robust_d2nn,鲁棒 D²NN,43,8,2,7,0.007186858316221766
robust_d2nn,鲁棒 D²NN,43,8,3,26,0.026694045174537988
robust_d2nn,鲁棒 D²NN,43,8,4,16,0.01642710472279261
robust_d2nn,鲁棒 D²NN,43,8,5,42,0.043121149897330596
robust_d2nn,鲁棒 D²NN,43,8,6,17,0.017453798767967144
robust_d2nn,鲁棒 D²NN,43,8,7,27,0.027720739219712527
robust_d2nn,鲁棒 D²NN,43,8,8,759,0.7792607802874744
robust_d2nn,鲁棒 D²NN,43,8,9,40,0.04106776180698152
robust_d2nn,鲁棒 D²NN,43,9,0,19,0.018830525272547076
robust_d2nn,鲁棒 D²NN,43,9,1,11,0.010901883052527254
robust_d2nn,鲁棒 D²NN,43,9,2,4,0.003964321110009911
robust_d2nn,鲁棒 D²NN,43,9,3,12,0.011892963330029732
robust_d2nn,鲁棒 D²NN,43,9,4,60,0.05946481665014866
robust_d2nn,鲁棒 D²NN,43,9,5,7,0.006937561942517344
robust_d2nn,鲁棒 D²NN,43,9,6,3,0.002973240832507433
robust_d2nn,鲁棒 D²NN,43,9,7,30,0.02973240832507433
robust_d2nn,鲁棒 D²NN,43,9,8,6,0.005946481665014866
robust_d2nn,鲁棒 D²NN,43,9,9,857,0.8493557978196233
robust_d2nn,鲁棒 D²NN,44,0,0,954,0.9734693877551021
robust_d2nn,鲁棒 D²NN,44,0,1,2,0.0020408163265306124
robust_d2nn,鲁棒 D²NN,44,0,2,0,0.0
robust_d2nn,鲁棒 D²NN,44,0,3,4,0.004081632653061225
robust_d2nn,鲁棒 D²NN,44,0,4,0,0.0
robust_d2nn,鲁棒 D²NN,44,0,5,3,0.003061224489795918
robust_d2nn,鲁棒 D²NN,44,0,6,13,0.013265306122448979
robust_d2nn,鲁棒 D²NN,44,0,7,1,0.0010204081632653062
robust_d2nn,鲁棒 D²NN,44,0,8,3,0.003061224489795918
robust_d2nn,鲁棒 D²NN,44,0,9,0,0.0
robust_d2nn,鲁棒 D²NN,44,1,0,0,0.0
robust_d2nn,鲁棒 D²NN,44,1,1,1119,0.9859030837004406
robust_d2nn,鲁棒 D²NN,44,1,2,2,0.001762114537444934
robust_d2nn,鲁棒 D²NN,44,1,3,2,0.001762114537444934
robust_d2nn,鲁棒 D²NN,44,1,4,1,0.000881057268722467
robust_d2nn,鲁棒 D²NN,44,1,5,1,0.000881057268722467
robust_d2nn,鲁棒 D²NN,44,1,6,3,0.0026431718061674008
robust_d2nn,鲁棒 D²NN,44,1,7,0,0.0
robust_d2nn,鲁棒 D²NN,44,1,8,7,0.006167400881057269
robust_d2nn,鲁棒 D²NN,44,1,9,0,0.0
robust_d2nn,鲁棒 D²NN,44,2,0,20,0.01937984496124031
robust_d2nn,鲁棒 D²NN,44,2,1,15,0.014534883720930232
robust_d2nn,鲁棒 D²NN,44,2,2,846,0.8197674418604651
robust_d2nn,鲁棒 D²NN,44,2,3,26,0.025193798449612403
robust_d2nn,鲁棒 D²NN,44,2,4,21,0.020348837209302327
robust_d2nn,鲁棒 D²NN,44,2,5,3,0.0029069767441860465
robust_d2nn,鲁棒 D²NN,44,2,6,16,0.015503875968992248
robust_d2nn,鲁棒 D²NN,44,2,7,28,0.027131782945736434
robust_d2nn,鲁棒 D²NN,44,2,8,49,0.04748062015503876
robust_d2nn,鲁棒 D²NN,44,2,9,8,0.007751937984496124
robust_d2nn,鲁棒 D²NN,44,3,0,5,0.0049504950495049506
robust_d2nn,鲁棒 D²NN,44,3,1,6,0.005940594059405941
robust_d2nn,鲁棒 D²NN,44,3,2,20,0.019801980198019802
robust_d2nn,鲁棒 D²NN,44,3,3,896,0.8871287128712871
robust_d2nn,鲁棒 D²NN,44,3,4,2,0.0019801980198019802
robust_d2nn,鲁棒 D²NN,44,3,5,24,0.023762376237623763
robust_d2nn,鲁棒 D²NN,44,3,6,8,0.007920792079207921
robust_d2nn,鲁棒 D²NN,44,3,7,30,0.0297029702970297
robust_d2nn,鲁棒 D²NN,44,3,8,11,0.01089108910891089
robust_d2nn,鲁棒 D²NN,44,3,9,8,0.007920792079207921
robust_d2nn,鲁棒 D²NN,44,4,0,3,0.003054989816700611
robust_d2nn,鲁棒 D²NN,44,4,1,6,0.006109979633401222
robust_d2nn,鲁棒 D²NN,44,4,2,3,0.003054989816700611
robust_d2nn,鲁棒 D²NN,44,4,3,2,0.002036659877800407
robust_d2nn,鲁棒 D²NN,44,4,4,889,0.905295315682281
robust_d2nn,鲁棒 D²NN,44,4,5,0,0.0
robust_d2nn,鲁棒 D²NN,44,4,6,15,0.015274949083503055
robust_d2nn,鲁棒 D²NN,44,4,7,1,0.0010183299389002036
robust_d2nn,鲁棒 D²NN,44,4,8,6,0.006109979633401222
robust_d2nn,鲁棒 D²NN,44,4,9,57,0.05804480651731161
robust_d2nn,鲁棒 D²NN,44,5,0,12,0.013452914798206279
robust_d2nn,鲁棒 D²NN,44,5,1,1,0.0011210762331838565
robust_d2nn,鲁棒 D²NN,44,5,2,5,0.005605381165919282
robust_d2nn,鲁棒 D²NN,44,5,3,66,0.07399103139013453
robust_d2nn,鲁棒 D²NN,44,5,4,12,0.013452914798206279
robust_d2nn,鲁棒 D²NN,44,5,5,750,0.8408071748878924
robust_d2nn,鲁棒 D²NN,44,5,6,12,0.013452914798206279
robust_d2nn,鲁棒 D²NN,44,5,7,14,0.01569506726457399
robust_d2nn,鲁棒 D²NN,44,5,8,12,0.013452914798206279
robust_d2nn,鲁棒 D²NN,44,5,9,8,0.008968609865470852
robust_d2nn,鲁棒 D²NN,44,6,0,18,0.018789144050104383
robust_d2nn,鲁棒 D²NN,44,6,1,7,0.007306889352818371
robust_d2nn,鲁棒 D²NN,44,6,2,6,0.006263048016701462
robust_d2nn,鲁棒 D²NN,44,6,3,1,0.0010438413361169101
robust_d2nn,鲁棒 D²NN,44,6,4,17,0.017745302713987474
robust_d2nn,鲁棒 D²NN,44,6,5,35,0.03653444676409186
robust_d2nn,鲁棒 D²NN,44,6,6,871,0.9091858037578288
robust_d2nn,鲁棒 D²NN,44,6,7,0,0.0
robust_d2nn,鲁棒 D²NN,44,6,8,3,0.003131524008350731
robust_d2nn,鲁棒 D²NN,44,6,9,0,0.0
robust_d2nn,鲁棒 D²NN,44,7,0,8,0.007782101167315175
robust_d2nn,鲁棒 D²NN,44,7,1,25,0.024319066147859923
robust_d2nn,鲁棒 D²NN,44,7,2,21,0.020428015564202335
robust_d2nn,鲁棒 D²NN,44,7,3,3,0.0029182879377431907
robust_d2nn,鲁棒 D²NN,44,7,4,15,0.014591439688715954
robust_d2nn,鲁棒 D²NN,44,7,5,0,0.0
robust_d2nn,鲁棒 D²NN,44,7,6,0,0.0
robust_d2nn,鲁棒 D²NN,44,7,7,900,0.8754863813229572
robust_d2nn,鲁棒 D²NN,44,7,8,2,0.0019455252918287938
robust_d2nn,鲁棒 D²NN,44,7,9,54,0.05252918287937743
robust_d2nn,鲁棒 D²NN,44,8,0,13,0.013347022587268994
robust_d2nn,鲁棒 D²NN,44,8,1,26,0.026694045174537988
robust_d2nn,鲁棒 D²NN,44,8,2,8,0.008213552361396304
robust_d2nn,鲁棒 D²NN,44,8,3,42,0.043121149897330596
robust_d2nn,鲁棒 D²NN,44,8,4,16,0.01642710472279261
robust_d2nn,鲁棒 D²NN,44,8,5,46,0.04722792607802875
robust_d2nn,鲁棒 D²NN,44,8,6,15,0.015400410677618069
robust_d2nn,鲁棒 D²NN,44,8,7,21,0.021560574948665298
robust_d2nn,鲁棒 D²NN,44,8,8,753,0.7731006160164271
robust_d2nn,鲁棒 D²NN,44,8,9,34,0.03490759753593429
robust_d2nn,鲁棒 D²NN,44,9,0,19,0.018830525272547076
robust_d2nn,鲁棒 D²NN,44,9,1,12,0.011892963330029732
robust_d2nn,鲁棒 D²NN,44,9,2,5,0.004955401387512388
robust_d2nn,鲁棒 D²NN,44,9,3,17,0.01684836471754212
robust_d2nn,鲁棒 D²NN,44,9,4,53,0.05252725470763132
robust_d2nn,鲁棒 D²NN,44,9,5,6,0.005946481665014866
robust_d2nn,鲁棒 D²NN,44,9,6,1,0.0009910802775024777
robust_d2nn,鲁棒 D²NN,44,9,7,22,0.02180376610505451
robust_d2nn,鲁棒 D²NN,44,9,8,7,0.006937561942517344
robust_d2nn,鲁棒 D²NN,44,9,9,867,0.8592666005946482
hybrid,混合模型,42,0,0,967,0.986734693877551
hybrid,混合模型,42,0,1,0,0.0
hybrid,混合模型,42,0,2,1,0.0010204081632653062
hybrid,混合模型,42,0,3,1,0.0010204081632653062
hybrid,混合模型,42,0,4,0,0.0
hybrid,混合模型,42,0,5,5,0.00510204081632653
hybrid,混合模型,42,0,6,4,0.004081632653061225
hybrid,混合模型,42,0,7,1,0.0010204081632653062
hybrid,混合模型,42,0,8,1,0.0010204081632653062
hybrid,混合模型,42,0,9,0,0.0
hybrid,混合模型,42,1,0,0,0.0
hybrid,混合模型,42,1,1,1123,0.9894273127753304
hybrid,混合模型,42,1,2,6,0.0052863436123348016
hybrid,混合模型,42,1,3,1,0.000881057268722467
hybrid,混合模型,42,1,4,0,0.0
hybrid,混合模型,42,1,5,1,0.000881057268722467
hybrid,混合模型,42,1,6,2,0.001762114537444934
hybrid,混合模型,42,1,7,0,0.0
hybrid,混合模型,42,1,8,0,0.0
hybrid,混合模型,42,1,9,2,0.001762114537444934
hybrid,混合模型,42,2,0,7,0.006782945736434108
hybrid,混合模型,42,2,1,0,0.0
hybrid,混合模型,42,2,2,1014,0.9825581395348837
hybrid,混合模型,42,2,3,3,0.0029069767441860465
hybrid,混合模型,42,2,4,1,0.0009689922480620155
hybrid,混合模型,42,2,5,1,0.0009689922480620155
hybrid,混合模型,42,2,6,2,0.001937984496124031
hybrid,混合模型,42,2,7,1,0.0009689922480620155
hybrid,混合模型,42,2,8,2,0.001937984496124031
hybrid,混合模型,42,2,9,1,0.0009689922480620155
hybrid,混合模型,42,3,0,0,0.0
hybrid,混合模型,42,3,1,1,0.0009900990099009901
hybrid,混合模型,42,3,2,24,0.023762376237623763
hybrid,混合模型,42,3,3,942,0.9326732673267327
hybrid,混合模型,42,3,4,0,0.0
hybrid,混合模型,42,3,5,28,0.027722772277227723
hybrid,混合模型,42,3,6,0,0.0
hybrid,混合模型,42,3,7,8,0.007920792079207921
hybrid,混合模型,42,3,8,4,0.0039603960396039604
hybrid,混合模型,42,3,9,3,0.0029702970297029703
hybrid,混合模型,42,4,0,0,0.0
hybrid,混合模型,42,4,1,0,0.0
hybrid,混合模型,42,4,2,9,0.009164969450101833
hybrid,混合模型,42,4,3,0,0.0
hybrid,混合模型,42,4,4,929,0.9460285132382892
hybrid,混合模型,42,4,5,0,0.0
hybrid,混合模型,42,4,6,4,0.004073319755600814
hybrid,混合模型,42,4,7,2,0.002036659877800407
hybrid,混合模型,42,4,8,0,0.0
hybrid,混合模型,42,4,9,38,0.038696537678207736
hybrid,混合模型,42,5,0,5,0.005605381165919282
hybrid,混合模型,42,5,1,0,0.0
hybrid,混合模型,42,5,2,1,0.0011210762331838565
hybrid,混合模型,42,5,3,7,0.007847533632286996
hybrid,混合模型,42,5,4,2,0.002242152466367713
hybrid,混合模型,42,5,5,866,0.9708520179372198
hybrid,混合模型,42,5,6,6,0.006726457399103139
hybrid,混合模型,42,5,7,1,0.0011210762331838565
hybrid,混合模型,42,5,8,0,0.0
hybrid,混合模型,42,5,9,4,0.004484304932735426
hybrid,混合模型,42,6,0,7,0.007306889352818371
hybrid,混合模型,42,6,1,3,0.003131524008350731
hybrid,混合模型,42,6,2,5,0.005219206680584551
hybrid,混合模型,42,6,3,0,0.0
hybrid,混合模型,42,6,4,4,0.0041753653444676405
hybrid,混合模型,42,6,5,12,0.012526096033402923
hybrid,混合模型,42,6,6,923,0.9634655532359081
hybrid,混合模型,42,6,7,0,0.0
hybrid,混合模型,42,6,8,2,0.0020876826722338203
hybrid,混合模型,42,6,9,2,0.0020876826722338203
hybrid,混合模型,42,7,0,0,0.0
hybrid,混合模型,42,7,1,6,0.005836575875486381
hybrid,混合模型,42,7,2,21,0.020428015564202335
hybrid,混合模型,42,7,3,2,0.0019455252918287938
hybrid,混合模型,42,7,4,2,0.0019455252918287938
hybrid,混合模型,42,7,5,0,0.0
hybrid,混合模型,42,7,6,0,0.0
hybrid,混合模型,42,7,7,972,0.9455252918287937
hybrid,混合模型,42,7,8,1,0.0009727626459143969
hybrid,混合模型,42,7,9,24,0.023346303501945526
hybrid,混合模型,42,8,0,18,0.018480492813141684
hybrid,混合模型,42,8,1,3,0.003080082135523614
hybrid,混合模型,42,8,2,22,0.022587268993839837
hybrid,混合模型,42,8,3,13,0.013347022587268994
hybrid,混合模型,42,8,4,6,0.006160164271047228
hybrid,混合模型,42,8,5,34,0.03490759753593429
hybrid,混合模型,42,8,6,13,0.013347022587268994
hybrid,混合模型,42,8,7,6,0.006160164271047228
hybrid,混合模型,42,8,8,838,0.8603696098562629
hybrid,混合模型,42,8,9,21,0.021560574948665298
hybrid,混合模型,42,9,0,6,0.005946481665014866
hybrid,混合模型,42,9,1,3,0.002973240832507433
hybrid,混合模型,42,9,2,1,0.0009910802775024777
hybrid,混合模型,42,9,3,6,0.005946481665014866
hybrid,混合模型,42,9,4,8,0.007928642220019821
hybrid,混合模型,42,9,5,10,0.009910802775024777
hybrid,混合模型,42,9,6,1,0.0009910802775024777
hybrid,混合模型,42,9,7,9,0.008919722497522299
hybrid,混合模型,42,9,8,0,0.0
hybrid,混合模型,42,9,9,965,0.956392467789891
hybrid,混合模型,43,0,0,949,0.9683673469387755
hybrid,混合模型,43,0,1,1,0.0010204081632653062
hybrid,混合模型,43,0,2,6,0.006122448979591836
hybrid,混合模型,43,0,3,0,0.0
hybrid,混合模型,43,0,4,0,0.0
hybrid,混合模型,43,0,5,1,0.0010204081632653062
hybrid,混合模型,43,0,6,19,0.019387755102040816
hybrid,混合模型,43,0,7,1,0.0010204081632653062
hybrid,混合模型,43,0,8,3,0.003061224489795918
hybrid,混合模型,43,0,9,0,0.0
hybrid,混合模型,43,1,0,0,0.0
hybrid,混合模型,43,1,1,1128,0.9938325991189427
hybrid,混合模型,43,1,2,4,0.003524229074889868
hybrid,混合模型,43,1,3,0,0.0
hybrid,混合模型,43,1,4,0,0.0
hybrid,混合模型,43,1,5,0,0.0
hybrid,混合模型,43,1,6,2,0.001762114537444934
hybrid,混合模型,43,1,7,0,0.0
hybrid,混合模型,43,1,8,1,0.000881057268722467
hybrid,混合模型,43,1,9,0,0.0
hybrid,混合模型,43,2,0,3,0.0029069767441860465
hybrid,混合模型,43,2,1,1,0.0009689922480620155
hybrid,混合模型,43,2,2,1005,0.9738372093023255
hybrid,混合模型,43,2,3,6,0.005813953488372093
hybrid,混合模型,43,2,4,0,0.0
hybrid,混合模型,43,2,5,0,0.0
hybrid,混合模型,43,2,6,5,0.0048449612403100775
hybrid,混合模型,43,2,7,6,0.005813953488372093
hybrid,混合模型,43,2,8,6,0.005813953488372093
hybrid,混合模型,43,2,9,0,0.0
hybrid,混合模型,43,3,0,0,0.0
hybrid,混合模型,43,3,1,1,0.0009900990099009901
hybrid,混合模型,43,3,2,11,0.01089108910891089
hybrid,混合模型,43,3,3,971,0.9613861386138614
hybrid,混合模型,43,3,4,0,0.0
hybrid,混合模型,43,3,5,9,0.00891089108910891
hybrid,混合模型,43,3,6,0,0.0
hybrid,混合模型,43,3,7,10,0.009900990099009901
hybrid,混合模型,43,3,8,7,0.006930693069306931
hybrid,混合模型,43,3,9,1,0.0009900990099009901
hybrid,混合模型,43,4,0,0,0.0
hybrid,混合模型,43,4,1,1,0.0010183299389002036
hybrid,混合模型,43,4,2,5,0.0050916496945010185
hybrid,混合模型,43,4,3,0,0.0
hybrid,混合模型,43,4,4,960,0.9775967413441955
hybrid,混合模型,43,4,5,1,0.0010183299389002036
hybrid,混合模型,43,4,6,10,0.010183299389002037
hybrid,混合模型,43,4,7,1,0.0010183299389002036
hybrid,混合模型,43,4,8,1,0.0010183299389002036
hybrid,混合模型,43,4,9,3,0.003054989816700611
hybrid,混合模型,43,5,0,5,0.005605381165919282
hybrid,混合模型,43,5,1,1,0.0011210762331838565
hybrid,混合模型,43,5,2,0,0.0
hybrid,混合模型,43,5,3,19,0.021300448430493273
hybrid,混合模型,43,5,4,1,0.0011210762331838565
hybrid,混合模型,43,5,5,840,0.9417040358744395
hybrid,混合模型,43,5,6,10,0.011210762331838564
hybrid,混合模型,43,5,7,1,0.0011210762331838565
hybrid,混合模型,43,5,8,11,0.01233183856502242
hybrid,混合模型,43,5,9,4,0.004484304932735426
hybrid,混合模型,43,6,0,4,0.0041753653444676405
hybrid,混合模型,43,6,1,3,0.003131524008350731
hybrid,混合模型,43,6,2,3,0.003131524008350731
hybrid,混合模型,43,6,3,0,0.0
hybrid,混合模型,43,6,4,4,0.0041753653444676405
hybrid,混合模型,43,6,5,4,0.0041753653444676405
hybrid,混合模型,43,6,6,939,0.9801670146137788
hybrid,混合模型,43,6,7,0,0.0
hybrid,混合模型,43,6,8,1,0.0010438413361169101
hybrid,混合模型,43,6,9,0,0.0
hybrid,混合模型,43,7,0,0,0.0
hybrid,混合模型,43,7,1,12,0.011673151750972763
hybrid,混合模型,43,7,2,17,0.016536964980544747
hybrid,混合模型,43,7,3,2,0.0019455252918287938
hybrid,混合模型,43,7,4,2,0.0019455252918287938
hybrid,混合模型,43,7,5,0,0.0
hybrid,混合模型,43,7,6,0,0.0
hybrid,混合模型,43,7,7,984,0.9571984435797666
hybrid,混合模型,43,7,8,2,0.0019455252918287938
hybrid,混合模型,43,7,9,9,0.008754863813229572
hybrid,混合模型,43,8,0,3,0.003080082135523614
hybrid,混合模型,43,8,1,1,0.001026694045174538
hybrid,混合模型,43,8,2,1,0.001026694045174538
hybrid,混合模型,43,8,3,10,0.01026694045174538
hybrid,混合模型,43,8,4,4,0.004106776180698152
hybrid,混合模型,43,8,5,2,0.002053388090349076
hybrid,混合模型,43,8,6,7,0.007186858316221766
hybrid,混合模型,43,8,7,5,0.00513347022587269
hybrid,混合模型,43,8,8,939,0.9640657084188912
hybrid,混合模型,43,8,9,2,0.002053388090349076
hybrid,混合模型,43,9,0,2,0.0019821605550049554
hybrid,混合模型,43,9,1,6,0.005946481665014866
hybrid,混合模型,43,9,2,2,0.0019821605550049554
hybrid,混合模型,43,9,3,18,0.017839444995044598
hybrid,混合模型,43,9,4,60,0.05946481665014866
hybrid,混合模型,43,9,5,3,0.002973240832507433
hybrid,混合模型,43,9,6,3,0.002973240832507433
hybrid,混合模型,43,9,7,8,0.007928642220019821
hybrid,混合模型,43,9,8,8,0.007928642220019821
hybrid,混合模型,43,9,9,899,0.8909811694747275
hybrid,混合模型,44,0,0,961,0.9806122448979592
hybrid,混合模型,44,0,1,2,0.0020408163265306124
hybrid,混合模型,44,0,2,4,0.004081632653061225
hybrid,混合模型,44,0,3,1,0.0010204081632653062
hybrid,混合模型,44,0,4,0,0.0
hybrid,混合模型,44,0,5,3,0.003061224489795918
hybrid,混合模型,44,0,6,2,0.0020408163265306124
hybrid,混合模型,44,0,7,0,0.0
hybrid,混合模型,44,0,8,6,0.006122448979591836
hybrid,混合模型,44,0,9,1,0.0010204081632653062
hybrid,混合模型,44,1,0,0,0.0
hybrid,混合模型,44,1,1,1126,0.9920704845814978
hybrid,混合模型,44,1,2,2,0.001762114537444934
hybrid,混合模型,44,1,3,1,0.000881057268722467
hybrid,混合模型,44,1,4,1,0.000881057268722467
hybrid,混合模型,44,1,5,0,0.0
hybrid,混合模型,44,1,6,1,0.000881057268722467
hybrid,混合模型,44,1,7,0,0.0
hybrid,混合模型,44,1,8,4,0.003524229074889868
hybrid,混合模型,44,1,9,0,0.0
hybrid,混合模型,44,2,0,3,0.0029069767441860465
hybrid,混合模型,44,2,1,5,0.0048449612403100775
hybrid,混合模型,44,2,2,969,0.938953488372093
hybrid,混合模型,44,2,3,22,0.02131782945736434
hybrid,混合模型,44,2,4,1,0.0009689922480620155
hybrid,混合模型,44,2,5,0,0.0
hybrid,混合模型,44,2,6,6,0.005813953488372093
hybrid,混合模型,44,2,7,1,0.0009689922480620155
hybrid,混合模型,44,2,8,25,0.02422480620155039
hybrid,混合模型,44,2,9,0,0.0
hybrid,混合模型,44,3,0,0,0.0
hybrid,混合模型,44,3,1,0,0.0
hybrid,混合模型,44,3,2,2,0.0019801980198019802
hybrid,混合模型,44,3,3,977,0.9673267326732673
hybrid,混合模型,44,3,4,0,0.0
hybrid,混合模型,44,3,5,1,0.0009900990099009901
hybrid,混合模型,44,3,6,0,0.0
hybrid,混合模型,44,3,7,5,0.0049504950495049506
hybrid,混合模型,44,3,8,23,0.02277227722772277
hybrid,混合模型,44,3,9,2,0.0019801980198019802
hybrid,混合模型,44,4,0,0,0.0
hybrid,混合模型,44,4,1,2,0.002036659877800407
hybrid,混合模型,44,4,2,5,0.0050916496945010185
hybrid,混合模型,44,4,3,3,0.003054989816700611
hybrid,混合模型,44,4,4,923,0.939918533604888
hybrid,混合模型,44,4,5,0,0.0
hybrid,混合模型,44,4,6,10,0.010183299389002037
hybrid,混合模型,44,4,7,2,0.002036659877800407
hybrid,混合模型,44,4,8,8,0.008146639511201629
hybrid,混合模型,44,4,9,29,0.029531568228105907
hybrid,混合模型,44,5,0,1,0.0011210762331838565
hybrid,混合模型,44,5,1,3,0.0033632286995515697
hybrid,混合模型,44,5,2,1,0.0011210762331838565
hybrid,混合模型,44,5,3,36,0.04035874439461883
hybrid,混合模型,44,5,4,1,0.0011210762331838565
hybrid,混合模型,44,5,5,816,0.9147982062780269
hybrid,混合模型,44,5,6,3,0.0033632286995515697
hybrid,混合模型,44,5,7,0,0.0
hybrid,混合模型,44,5,8,29,0.032511210762331835
hybrid,混合模型,44,5,9,2,0.002242152466367713
hybrid,混合模型,44,6,0,3,0.003131524008350731
hybrid,混合模型,44,6,1,3,0.003131524008350731
hybrid,混合模型,44,6,2,2,0.0020876826722338203
hybrid,混合模型,44,6,3,1,0.0010438413361169101
hybrid,混合模型,44,6,4,1,0.0010438413361169101
hybrid,混合模型,44,6,5,5,0.005219206680584551
hybrid,混合模型,44,6,6,934,0.9749478079331941
hybrid,混合模型,44,6,7,0,0.0
hybrid,混合模型,44,6,8,9,0.009394572025052192
hybrid,混合模型,44,6,9,0,0.0
hybrid,混合模型,44,7,0,0,0.0
hybrid,混合模型,44,7,1,8,0.007782101167315175
hybrid,混合模型,44,7,2,24,0.023346303501945526
hybrid,混合模型,44,7,3,11,0.010700389105058366
hybrid,混合模型,44,7,4,3,0.0029182879377431907
hybrid,混合模型,44,7,5,0,0.0
hybrid,混合模型,44,7,6,0,0.0
hybrid,混合模型,44,7,7,944,0.9182879377431906
hybrid,混合模型,44,7,8,9,0.008754863813229572
hybrid,混合模型,44,7,9,29,0.02821011673151751
hybrid,混合模型,44,8,0,0,0.0
hybrid,混合模型,44,8,1,0,0.0
hybrid,混合模型,44,8,2,1,0.001026694045174538
hybrid,混合模型,44,8,3,7,0.007186858316221766
hybrid,混合模型,44,8,4,0,0.0
hybrid,混合模型,44,8,5,0,0.0
hybrid,混合模型,44,8,6,3,0.003080082135523614
hybrid,混合模型,44,8,7,1,0.001026694045174538
hybrid,混合模型,44,8,8,961,0.9866529774127311
hybrid,混合模型,44,8,9,1,0.001026694045174538
hybrid,混合模型,44,9,0,4,0.003964321110009911
hybrid,混合模型,44,9,1,6,0.005946481665014866
hybrid,混合模型,44,9,2,0,0.0
hybrid,混合模型,44,9,3,13,0.01288404360753221
hybrid,混合模型,44,9,4,11,0.010901883052527254
hybrid,混合模型,44,9,5,4,0.003964321110009911
hybrid,混合模型,44,9,6,1,0.0009910802775024777
hybrid,混合模型,44,9,7,2,0.0019821605550049554
hybrid,混合模型,44,9,8,23,0.022794846382556987
hybrid,混合模型,44,9,9,945,0.9365708622398414
electronic,纯电子基线,42,0,0,962,0.9816326530612245
electronic,纯电子基线,42,0,1,0,0.0
electronic,纯电子基线,42,0,2,1,0.0010204081632653062
electronic,纯电子基线,42,0,3,2,0.0020408163265306124
electronic,纯电子基线,42,0,4,2,0.0020408163265306124
electronic,纯电子基线,42,0,5,4,0.004081632653061225
electronic,纯电子基线,42,0,6,5,0.00510204081632653
electronic,纯电子基线,42,0,7,2,0.0020408163265306124
electronic,纯电子基线,42,0,8,2,0.0020408163265306124
electronic,纯电子基线,42,0,9,0,0.0
electronic,纯电子基线,42,1,0,0,0.0
electronic,纯电子基线,42,1,1,1118,0.9850220264317181
electronic,纯电子基线,42,1,2,4,0.003524229074889868
electronic,纯电子基线,42,1,3,1,0.000881057268722467
electronic,纯电子基线,42,1,4,0,0.0
electronic,纯电子基线,42,1,5,2,0.001762114537444934
electronic,纯电子基线,42,1,6,3,0.0026431718061674008
electronic,纯电子基线,42,1,7,1,0.000881057268722467
electronic,纯电子基线,42,1,8,6,0.0052863436123348016
electronic,纯电子基线,42,1,9,0,0.0
electronic,纯电子基线,42,2,0,9,0.00872093023255814
electronic,纯电子基线,42,2,1,7,0.006782945736434108
electronic,纯电子基线,42,2,2,976,0.9457364341085271
electronic,纯电子基线,42,2,3,13,0.012596899224806201
electronic,纯电子基线,42,2,4,6,0.005813953488372093
electronic,纯电子基线,42,2,5,1,0.0009689922480620155
electronic,纯电子基线,42,2,6,6,0.005813953488372093
electronic,纯电子基线,42,2,7,11,0.01065891472868217
electronic,纯电子基线,42,2,8,3,0.0029069767441860465
electronic,纯电子基线,42,2,9,0,0.0
electronic,纯电子基线,42,3,0,6,0.005940594059405941
electronic,纯电子基线,42,3,1,0,0.0
electronic,纯电子基线,42,3,2,7,0.006930693069306931
electronic,纯电子基线,42,3,3,947,0.9376237623762376
electronic,纯电子基线,42,3,4,0,0.0
electronic,纯电子基线,42,3,5,25,0.024752475247524754
electronic,纯电子基线,42,3,6,1,0.0009900990099009901
electronic,纯电子基线,42,3,7,9,0.00891089108910891
electronic,纯电子基线,42,3,8,13,0.01287128712871287
electronic,纯电子基线,42,3,9,2,0.0019801980198019802
electronic,纯电子基线,42,4,0,1,0.0010183299389002036
electronic,纯电子基线,42,4,1,0,0.0
electronic,纯电子基线,42,4,2,7,0.007128309572301426
electronic,纯电子基线,42,4,3,0,0.0
electronic,纯电子基线,42,4,4,935,0.9521384928716904
electronic,纯电子基线,42,4,5,0,0.0
electronic,纯电子基线,42,4,6,2,0.002036659877800407
electronic,纯电子基线,42,4,7,6,0.006109979633401222
electronic,纯电子基线,42,4,8,5,0.0050916496945010185
electronic,纯电子基线,42,4,9,26,0.026476578411405296
electronic,纯电子基线,42,5,0,6,0.006726457399103139
electronic,纯电子基线,42,5,1,1,0.0011210762331838565
electronic,纯电子基线,42,5,2,4,0.004484304932735426
electronic,纯电子基线,42,5,3,25,0.028026905829596414
electronic,纯电子基线,42,5,4,4,0.004484304932735426
electronic,纯电子基线,42,5,5,824,0.9237668161434978
electronic,纯电子基线,42,5,6,11,0.01233183856502242
electronic,纯电子基线,42,5,7,2,0.002242152466367713
electronic,纯电子基线,42,5,8,12,0.013452914798206279
electronic,纯电子基线,42,5,9,3,0.0033632286995515697
electronic,纯电子基线,42,6,0,9,0.009394572025052192
electronic,纯电子基线,42,6,1,3,0.003131524008350731
electronic,纯电子基线,42,6,2,2,0.0020876826722338203
electronic,纯电子基线,42,6,3,0,0.0
electronic,纯电子基线,42,6,4,9,0.009394572025052192
electronic,纯电子基线,42,6,5,18,0.018789144050104383
electronic,纯电子基线,42,6,6,910,0.9498956158663883
electronic,纯电子基线,42,6,7,0,0.0
electronic,纯电子基线,42,6,8,7,0.007306889352818371
electronic,纯电子基线,42,6,9,0,0.0
electronic,纯电子基线,42,7,0,1,0.0009727626459143969
electronic,纯电子基线,42,7,1,9,0.008754863813229572
electronic,纯电子基线,42,7,2,12,0.011673151750972763
electronic,纯电子基线,42,7,3,13,0.01264591439688716
electronic,纯电子基线,42,7,4,1,0.0009727626459143969
electronic,纯电子基线,42,7,5,1,0.0009727626459143969
electronic,纯电子基线,42,7,6,0,0.0
electronic,纯电子基线,42,7,7,985,0.958171206225681
electronic,纯电子基线,42,7,8,1,0.0009727626459143969
electronic,纯电子基线,42,7,9,5,0.0048638132295719845
electronic,纯电子基线,42,8,0,6,0.006160164271047228
electronic,纯电子基线,42,8,1,2,0.002053388090349076
electronic,纯电子基线,42,8,2,12,0.012320328542094456
electronic,纯电子基线,42,8,3,25,0.02566735112936345
electronic,纯电子基线,42,8,4,8,0.008213552361396304
electronic,纯电子基线,42,8,5,7,0.007186858316221766
electronic,纯电子基线,42,8,6,6,0.006160164271047228
electronic,纯电子基线,42,8,7,9,0.009240246406570842
electronic,纯电子基线,42,8,8,894,0.917864476386037
electronic,纯电子基线,42,8,9,5,0.00513347022587269
electronic,纯电子基线,42,9,0,6,0.005946481665014866
electronic,纯电子基线,42,9,1,8,0.007928642220019821
electronic,纯电子基线,42,9,2,0,0.0
electronic,纯电子基线,42,9,3,21,0.02081268582755203
electronic,纯电子基线,42,9,4,15,0.014866204162537165
electronic,纯电子基线,42,9,5,3,0.002973240832507433
electronic,纯电子基线,42,9,6,2,0.0019821605550049554
electronic,纯电子基线,42,9,7,22,0.02180376610505451
electronic,纯电子基线,42,9,8,5,0.004955401387512388
electronic,纯电子基线,42,9,9,927,0.9187314172447968
electronic,纯电子基线,43,0,0,967,0.986734693877551
electronic,纯电子基线,43,0,1,2,0.0020408163265306124
electronic,纯电子基线,43,0,2,2,0.0020408163265306124
electronic,纯电子基线,43,0,3,1,0.0010204081632653062
electronic,纯电子基线,43,0,4,0,0.0
electronic,纯电子基线,43,0,5,4,0.004081632653061225
electronic,纯电子基线,43,0,6,3,0.003061224489795918
electronic,纯电子基线,43,0,7,1,0.0010204081632653062
electronic,纯电子基线,43,0,8,0,0.0
electronic,纯电子基线,43,0,9,0,0.0
electronic,纯电子基线,43,1,0,0,0.0
electronic,纯电子基线,43,1,1,1108,0.9762114537444934
electronic,纯电子基线,43,1,2,6,0.0052863436123348016
electronic,纯电子基线,43,1,3,1,0.000881057268722467
electronic,纯电子基线,43,1,4,0,0.0
electronic,纯电子基线,43,1,5,0,0.0
electronic,纯电子基线,43,1,6,1,0.000881057268722467
electronic,纯电子基线,43,1,7,2,0.001762114537444934
electronic,纯电子基线,43,1,8,17,0.014977973568281937
electronic,纯电子基线,43,1,9,0,0.0
electronic,纯电子基线,43,2,0,7,0.006782945736434108
electronic,纯电子基线,43,2,1,8,0.007751937984496124
electronic,纯电子基线,43,2,2,970,0.939922480620155
electronic,纯电子基线,43,2,3,12,0.011627906976744186
electronic,纯电子基线,43,2,4,2,0.001937984496124031
electronic,纯电子基线,43,2,5,1,0.0009689922480620155
electronic,纯电子基线,43,2,6,7,0.006782945736434108
electronic,纯电子基线,43,2,7,10,0.009689922480620155
electronic,纯电子基线,43,2,8,14,0.013565891472868217
electronic,纯电子基线,43,2,9,1,0.0009689922480620155
electronic,纯电子基线,43,3,0,3,0.0029702970297029703
electronic,纯电子基线,43,3,1,5,0.0049504950495049506
electronic,纯电子基线,43,3,2,12,0.011881188118811881
electronic,纯电子基线,43,3,3,953,0.9435643564356435
electronic,纯电子基线,43,3,4,0,0.0
electronic,纯电子基线,43,3,5,11,0.01089108910891089
electronic,纯电子基线,43,3,6,1,0.0009900990099009901
electronic,纯电子基线,43,3,7,11,0.01089108910891089
electronic,纯电子基线,43,3,8,8,0.007920792079207921
electronic,纯电子基线,43,3,9,6,0.005940594059405941
electronic,纯电子基线,43,4,0,1,0.0010183299389002036
electronic,纯电子基线,43,4,1,0,0.0
electronic,纯电子基线,43,4,2,12,0.012219959266802444
electronic,纯电子基线,43,4,3,2,0.002036659877800407
electronic,纯电子基线,43,4,4,931,0.9480651731160896
electronic,纯电子基线,43,4,5,0,0.0
electronic,纯电子基线,43,4,6,5,0.0050916496945010185
electronic,纯电子基线,43,4,7,2,0.002036659877800407
electronic,纯电子基线,43,4,8,3,0.003054989816700611
electronic,纯电子基线,43,4,9,26,0.026476578411405296
electronic,纯电子基线,43,5,0,6,0.006726457399103139
electronic,纯电子基线,43,5,1,2,0.002242152466367713
electronic,纯电子基线,43,5,2,1,0.0011210762331838565
electronic,纯电子基线,43,5,3,46,0.0515695067264574
electronic,纯电子基线,43,5,4,1,0.0011210762331838565
electronic,纯电子基线,43,5,5,798,0.8946188340807175
electronic,纯电子基线,43,5,6,13,0.014573991031390135
electronic,纯电子基线,43,5,7,5,0.005605381165919282
electronic,纯电子基线,43,5,8,12,0.013452914798206279
electronic,纯电子基线,43,5,9,8,0.008968609865470852
electronic,纯电子基线,43,6,0,11,0.011482254697286013
electronic,纯电子基线,43,6,1,2,0.0020876826722338203
electronic,纯电子基线,43,6,2,11,0.011482254697286013
electronic,纯电子基线,43,6,3,1,0.0010438413361169101
electronic,纯电子基线,43,6,4,6,0.006263048016701462
electronic,纯电子基线,43,6,5,12,0.012526096033402923
electronic,纯电子基线,43,6,6,909,0.9488517745302714
electronic,纯电子基线,43,6,7,0,0.0
electronic,纯电子基线,43,6,8,6,0.006263048016701462
electronic,纯电子基线,43,6,9,0,0.0
electronic,纯电子基线,43,7,0,1,0.0009727626459143969
electronic,纯电子基线,43,7,1,8,0.007782101167315175
electronic,纯电子基线,43,7,2,13,0.01264591439688716
electronic,纯电子基线,43,7,3,6,0.005836575875486381
electronic,纯电子基线,43,7,4,2,0.0019455252918287938
electronic,纯电子基线,43,7,5,1,0.0009727626459143969
electronic,纯电子基线,43,7,6,0,0.0
electronic,纯电子基线,43,7,7,977,0.9503891050583657
electronic,纯电子基线,43,7,8,1,0.0009727626459143969
electronic,纯电子基线,43,7,9,19,0.01848249027237354
electronic,纯电子基线,43,8,0,9,0.009240246406570842
electronic,纯电子基线,43,8,1,3,0.003080082135523614
electronic,纯电子基线,43,8,2,5,0.00513347022587269
electronic,纯电子基线,43,8,3,19,0.019507186858316223
electronic,纯电子基线,43,8,4,7,0.007186858316221766
electronic,纯电子基线,43,8,5,20,0.02053388090349076
electronic,纯电子基线,43,8,6,5,0.00513347022587269
electronic,纯电子基线,43,8,7,9,0.009240246406570842
electronic,纯电子基线,43,8,8,885,0.9086242299794661
electronic,纯电子基线,43,8,9,12,0.012320328542094456
electronic,纯电子基线,43,9,0,5,0.004955401387512388
electronic,纯电子基线,43,9,1,5,0.004955401387512388
electronic,纯电子基线,43,9,2,0,0.0
electronic,纯电子基线,43,9,3,15,0.014866204162537165
electronic,纯电子基线,43,9,4,22,0.02180376610505451
electronic,纯电子基线,43,9,5,4,0.003964321110009911
electronic,纯电子基线,43,9,6,1,0.0009910802775024777
electronic,纯电子基线,43,9,7,11,0.010901883052527254
electronic,纯电子基线,43,9,8,6,0.005946481665014866
electronic,纯电子基线,43,9,9,940,0.931615460852329
electronic,纯电子基线,44,0,0,959,0.9785714285714285
electronic,纯电子基线,44,0,1,0,0.0
electronic,纯电子基线,44,0,2,1,0.0010204081632653062
electronic,纯电子基线,44,0,3,5,0.00510204081632653
electronic,纯电子基线,44,0,4,4,0.004081632653061225
electronic,纯电子基线,44,0,5,3,0.003061224489795918
electronic,纯电子基线,44,0,6,6,0.006122448979591836
electronic,纯电子基线,44,0,7,0,0.0
electronic,纯电子基线,44,0,8,2,0.0020408163265306124
electronic,纯电子基线,44,0,9,0,0.0
electronic,纯电子基线,44,1,0,0,0.0
electronic,纯电子基线,44,1,1,1117,0.9841409691629956
electronic,纯电子基线,44,1,2,4,0.003524229074889868
electronic,纯电子基线,44,1,3,0,0.0
electronic,纯电子基线,44,1,4,0,0.0
electronic,纯电子基线,44,1,5,1,0.000881057268722467
electronic,纯电子基线,44,1,6,4,0.003524229074889868
electronic,纯电子基线,44,1,7,2,0.001762114537444934
electronic,纯电子基线,44,1,8,7,0.006167400881057269
electronic,纯电子基线,44,1,9,0,0.0
electronic,纯电子基线,44,2,0,13,0.012596899224806201
electronic,纯电子基线,44,2,1,9,0.00872093023255814
electronic,纯电子基线,44,2,2,951,0.9215116279069767
electronic,纯电子基线,44,2,3,14,0.013565891472868217
electronic,纯电子基线,44,2,4,8,0.007751937984496124
electronic,纯电子基线,44,2,5,2,0.001937984496124031
electronic,纯电子基线,44,2,6,16,0.015503875968992248
electronic,纯电子基线,44,2,7,5,0.0048449612403100775
electronic,纯电子基线,44,2,8,13,0.012596899224806201
electronic,纯电子基线,44,2,9,1,0.0009689922480620155
electronic,纯电子基线,44,3,0,1,0.0009900990099009901
electronic,纯电子基线,44,3,1,2,0.0019801980198019802
electronic,纯电子基线,44,3,2,12,0.011881188118811881
electronic,纯电子基线,44,3,3,951,0.9415841584158415
electronic,纯电子基线,44,3,4,3,0.0029702970297029703
electronic,纯电子基线,44,3,5,20,0.019801980198019802
electronic,纯电子基线,44,3,6,1,0.0009900990099009901
electronic,纯电子基线,44,3,7,5,0.0049504950495049506
electronic,纯电子基线,44,3,8,14,0.013861386138613862
electronic,纯电子基线,44,3,9,1,0.0009900990099009901
electronic,纯电子基线,44,4,0,0,0.0
electronic,纯电子基线,44,4,1,0,0.0
electronic,纯电子基线,44,4,2,3,0.003054989816700611
electronic,纯电子基线,44,4,3,0,0.0
electronic,纯电子基线,44,4,4,927,0.9439918533604889
electronic,纯电子基线,44,4,5,2,0.002036659877800407
electronic,纯电子基线,44,4,6,13,0.013238289205702648
electronic,纯电子基线,44,4,7,2,0.002036659877800407
electronic,纯电子基线,44,4,8,6,0.006109979633401222
electronic,纯电子基线,44,4,9,29,0.029531568228105907
electronic,纯电子基线,44,5,0,8,0.008968609865470852
electronic,纯电子基线,44,5,1,1,0.0011210762331838565
electronic,纯电子基线,44,5,2,1,0.0011210762331838565
electronic,纯电子基线,44,5,3,30,0.033632286995515695
electronic,纯电子基线,44,5,4,4,0.004484304932735426
electronic,纯电子基线,44,5,5,821,0.9204035874439462
electronic,纯电子基线,44,5,6,10,0.011210762331838564
electronic,纯电子基线,44,5,7,1,0.0011210762331838565
electronic,纯电子基线,44,5,8,12,0.013452914798206279
electronic,纯电子基线,44,5,9,4,0.004484304932735426
electronic,纯电子基线,44,6,0,6,0.006263048016701462
electronic,纯电子基线,44,6,1,3,0.003131524008350731
electronic,纯电子基线,44,6,2,2,0.0020876826722338203
electronic,纯电子基线,44,6,3,2,0.0020876826722338203
electronic,纯电子基线,44,6,4,4,0.0041753653444676405
electronic,纯电子基线,44,6,5,7,0.007306889352818371
electronic,纯电子基线,44,6,6,931,0.9718162839248434
electronic,纯电子基线,44,6,7,0,0.0
electronic,纯电子基线,44,6,8,2,0.0020876826722338203
electronic,纯电子基线,44,6,9,1,0.0010438413361169101
electronic,纯电子基线,44,7,0,4,0.0038910505836575876
electronic,纯电子基线,44,7,1,6,0.005836575875486381
electronic,纯电子基线,44,7,2,17,0.016536964980544747
electronic,纯电子基线,44,7,3,16,0.01556420233463035
electronic,纯电子基线,44,7,4,2,0.0019455252918287938
electronic,纯电子基线,44,7,5,0,0.0
electronic,纯电子基线,44,7,6,1,0.0009727626459143969
electronic,纯电子基线,44,7,7,969,0.9426070038910506
electronic,纯电子基线,44,7,8,2,0.0019455252918287938
electronic,纯电子基线,44,7,9,11,0.010700389105058366
electronic,纯电子基线,44,8,0,3,0.003080082135523614
electronic,纯电子基线,44,8,1,7,0.007186858316221766
electronic,纯电子基线,44,8,2,3,0.003080082135523614
electronic,纯电子基线,44,8,3,14,0.014373716632443531
electronic,纯电子基线,44,8,4,2,0.002053388090349076
electronic,纯电子基线,44,8,5,11,0.011293634496919919
electronic,纯电子基线,44,8,6,5,0.00513347022587269
electronic,纯电子基线,44,8,7,4,0.004106776180698152
electronic,纯电子基线,44,8,8,923,0.9476386036960985
electronic,纯电子基线,44,8,9,2,0.002053388090349076
electronic,纯电子基线,44,9,0,9,0.008919722497522299
electronic,纯电子基线,44,9,1,4,0.003964321110009911
electronic,纯电子基线,44,9,2,0,0.0
electronic,纯电子基线,44,9,3,19,0.018830525272547076
electronic,纯电子基线,44,9,4,19,0.018830525272547076
electronic,纯电子基线,44,9,5,6,0.005946481665014866
electronic,纯电子基线,44,9,6,2,0.0019821605550049554
electronic,纯电子基线,44,9,7,5,0.004955401387512388
electronic,纯电子基线,44,9,8,9,0.008919722497522299
electronic,纯电子基线,44,9,9,936,0.9276511397423192
